{
  "train_loss": [
    0.7461049469078288,
    0.7391066901824054,
    0.7801429594264311,
    0.7424142150317922,
    0.7969494654851801,
    0.7470784993732676,
    0.7744894430917852,
    0.7627101523034713,
    0.7655446038526648,
    0.7598474113380208,
    0.7246282468823826,
    0.7735783580471488,
    0.7544702361611759,
    0.7325032178093406,
    0.719783299109515,
    0.7773055697188658,
    0.7530203864854925,
    0.7727994533146129,
    0.7430949053343605,
    0.7818607705480912
  ],
  "val_loss": [
    0.7669047282801734,
    0.7602085669835409,
    0.7656848960452609,
    0.7644042604499393,
    0.7630346020062765,
    0.7615292966365814,
    0.7606274452474382,
    0.7596520880858103,
    0.7590375940004984,
    0.7583809163835313,
    0.7575027578406863,
    0.7560833129617903,
    0.7259851429197524,
    0.7221341199345059,
    0.7562391426828172,
    0.7568807403246561,
    0.7564463747872247,
    0.755466941330168,
    0.7537740932570564,
    0.752413358953264
  ],
  "train_acc": [
    44.11764705882353,
    44.11764705882353,
    44.11764705882353,
    44.11764705882353,
    44.11764705882353,
    44.11764705882353,
    41.1764705882353,
    44.11764705882353,
    44.11764705882353,
    44.11764705882353,
    44.11764705882353,
    44.11764705882353,
    44.11764705882353,
    44.11764705882353,
    44.11764705882353,
    38.23529411764706,
    44.11764705882353,
    38.23529411764706,
    47.05882352941177,
    44.11764705882353
  ],
  "val_acc": [
    44.44444444444444,
    44.44444444444444,
    44.44444444444444,
    44.44444444444444,
    44.44444444444444,
    44.44444444444444,
    44.44444444444444,
    44.44444444444444,
    44.44444444444444,
    44.44444444444444,
    44.44444444444444,
    44.44444444444444,
    44.44444444444444,
    44.44444444444444,
    44.44444444444444,
    44.44444444444444,
    44.44444444444444,
    44.44444444444444,
    44.44444444444444,
    44.44444444444444
  ]
}