{
  "train_loss": [
    0.8733798247926375,
    0.7380893931669348,
    0.7217676464249106,
    0.7293749662006602,
    0.6874207117978264,
    0.7266503081602209,
    0.6669092178344727,
    0.7141733064370996,
    0.732981495997485,
    0.691823761252796,
    0.6592727776835946,
    0.5901321453206679,
    0.368530290091739,
    0.14531870076761527,
    0.01612244691590176,
    0.06469183581237517,
    0.012502755617092857,
    0.003256589054431328,
    0.07946467487251058,
    0.015741883698330426,
    0.0016120556666625336,
    0.0031344405296669505,
    0.001702064398320063,
    0.0024042339286739554,
    0.0017907072392785374,
    0.00119513735647642,
    0.0014461695887696218,
    0.0014439120337449234,
    0.0014131599574979832,
    0.0014892911892863648
  ],
  "val_loss": [
    0.6959024535285102,
    0.7093439631991916,
    0.690805282857683,
    0.6956834859318204,
    0.6997758746147156,
    0.6886266867319742,
    0.6868312756220499,
    0.6848021348317465,
    0.6767492625448439,
    0.6803812980651855,
    0.6159040066930983,
    0.6935980286863115,
    0.675747748878267,
    0.8477149154576991,
    0.6560864816937182,
    0.6093847692892369,
    0.49569460122276926,
    0.4973994217709535,
    0.8448324891376413,
    0.08671430185333723,
    0.09530430033596025,
    0.6153408279707138,
    0.6323500217792267,
    0.10859560579087378,
    0.07727201561081326,
    0.09462910411336149,
    0.24772648206756762,
    0.30507334996299407,
    0.3745905517781567,
    0.37070716261061737
  ],
  "train_acc": [
    55.88235294117647,
    47.05882352941177,
    41.1764705882353,
    52.94117647058823,
    61.76470588235294,
    52.94117647058823,
    55.88235294117647,
    52.94117647058823,
    52.94117647058823,
    52.94117647058823,
    58.8235294117647,
    76.47058823529412,
    82.3529411764706,
    94.11764705882354,
    100.0,
    97.05882352941177,
    100.0,
    100.0,
    97.05882352941177,
    100.0,
    100.0,
    100.0,
    100.0,
    100.0,
    100.0,
    100.0,
    100.0,
    100.0,
    100.0,
    100.0
  ],
  "val_acc": [
    55.55555555555556,
    44.44444444444444,
    55.55555555555556,
    33.333333333333336,
    44.44444444444444,
    66.66666666666667,
    55.55555555555556,
    77.77777777777777,
    55.55555555555556,
    44.44444444444444,
    66.66666666666667,
    66.66666666666667,
    66.66666666666667,
    77.77777777777777,
    77.77777777777777,
    77.77777777777777,
    77.77777777777777,
    77.77777777777777,
    88.88888888888889,
    100.0,
    100.0,
    88.88888888888889,
    88.88888888888889,
    88.88888888888889,
    100.0,
    100.0,
    88.88888888888889,
    88.88888888888889,
    88.88888888888889,
    88.88888888888889
  ]
}